metric@K,1,5,10
pre,0.10286320254506894,0.07720042417815483,0.05715800636267232
rec,0.10286320254506894,0.3860021208907741,0.5715800636267232
hr,0.10286320254506894,0.3860021208907741,0.5715800636267232
map,0.10286320254506894,0.03909508660303994,0.022056254102913703
mrr,0.10286320254506894,0.1954754330151997,0.22056254102913658
ndcg,0.10286320254506894,0.24217856050942202,0.3025023276843548
